ID,Titre,Fichier,Auteur,Tags,Catégorie,Description,"Date d'ajout"
22,"synthese examen ",68162b2422996_1746283300.pdf,moi,,synthese,,"2025-05-03 14:41:40"
21,factory,68162b006e406_1746283264.pdf,moi,,synthese,,"2025-05-03 14:41:04"
20,composite,68162abaa94cf_1746283194.pdf,moi,,synthese,,"2025-05-03 14:39:54"
19,adapter,68162a9bd8174_1746283163.pdf,moi,,synthese,,"2025-05-03 14:39:23"
18,"fiche threads ",68162a7f67b9a_1746283135.pdf,moi,,synthese,,"2025-05-03 14:38:55"
17,"chapitre 5 ",68162a50ca6f0_1746283088.pdf,moi,,synthese,,"2025-05-03 14:38:08"
16,"chapitre 4",68162a1c15362_1746283036.pdf,moi,,synthese,,"2025-05-03 14:37:16"
15,"synthese complete ",681629f250cfc_1746282994.pdf,moi,,synthese,,"2025-05-03 14:36:34"
14,chapitre2,681629b4881cb_1746282932.pdf,moi,,synthese,,"2025-05-03 14:35:32"
13,threads,6816299af01ba_1746282906.pdf,moi,,synthese,,"2025-05-03 14:35:07"
12,exceptions,681629801a053_1746282880.pdf,,,synthese,,"2025-05-03 14:34:40"
11,builder,6816296600058_1746282854.pdf,moi,,synthese,,"2025-05-03 14:34:14"
10,intro,6816292bb3271_1746282795.pdf,moi,,synthese,,"2025-05-03 14:33:15"
9,"astuce stat ",6816290f4b589_1746282767.pdf,moi,,laboratoire,,"2025-05-03 14:32:47"
8,chapitre6,681628f2f3707_1746282738.pdf,moi,,synthese,,"2025-05-03 14:32:19"
7,"chapitre 7",681628ca5ce9e_1746282698.pdf,moi,,synthese,,"2025-05-03 14:31:38"
6,"synthese examen thread fiche",6816288f71e86_1746282639.pdf,moi,,synthese,,"2025-05-03 14:30:39"
5,"chapitre 3",68162858098c1_1746282584.pdf,moi,,synthese,,"2025-05-03 14:29:44"
4,"chapitre 3",68162836c2c45_1746282550.pdf,moi,,synthese,,"2025-05-03 14:29:10"
3,"cahier d'exercices",68162806e6569_1746282502.pdf,moi,,exercices,,"2025-05-03 14:28:22"
2,"labo stat synthese",68162567575d0_1746281831.pdf,moi,,laboratoire,,"2025-05-03 14:17:11"
